{"eval_loss": 0.3788783550262451, "eval_wer": 50.08503792231671, "eval_cer": 22.474793690935712, "eval_runtime": 1779.765, "eval_samples_per_second": 4.71, "eval_steps_per_second": 0.589}