{"eval_loss": 1.7120096683502197, "eval_wer": 43.0820501034245, "eval_cer": 16.84413682949554, "eval_runtime": 7606.4636, "eval_samples_per_second": 1.102, "eval_steps_per_second": 0.138}