{"egyptian": {"eval_loss": 1.434256911277771, "eval_wer": 81.87400500341143, "eval_cer": 54.78588466926659, "eval_runtime": 1021.5662, "eval_samples_per_second": 4.339, "eval_steps_per_second": 0.543}, "gulf": {"eval_loss": 1.5506188869476318, "eval_wer": 90.70895636955387, "eval_cer": 66.79846611680652, "eval_runtime": 1247.4016, "eval_samples_per_second": 4.335, "eval_steps_per_second": 0.542}, "iraqi": {"eval_loss": 1.7373770475387573, "eval_wer": 94.38827672384414, "eval_cer": 65.9817471211375, "eval_runtime": 684.249, "eval_samples_per_second": 4.592, "eval_steps_per_second": 0.574}, "levantine": {"eval_loss": 1.1162073612213135, "eval_wer": 76.88914892659436, "eval_cer": 53.73851241636699, "eval_runtime": 765.6911, "eval_samples_per_second": 4.652, "eval_steps_per_second": 0.582}, "maghrebi": {"eval_loss": 1.8200056552886963, "eval_wer": 92.0948955121617, "eval_cer": 72.36933712291854, "eval_runtime": 931.5438, "eval_samples_per_second": 4.479, "eval_steps_per_second": 0.56}, "MSA": {"eval_loss": 0.5197528004646301, "eval_wer": 54.61329216291722, "eval_cer": 22.040274250045652, "eval_runtime": 2028.4077, "eval_samples_per_second": 5.166, "eval_steps_per_second": 0.646}}