{"egyptian": {"eval_loss": 1.5781110525131226, "eval_wer": 90.94837389128952, "eval_cer": 65.16729140635846, "eval_runtime": 1115.4177, "eval_samples_per_second": 3.974, "eval_steps_per_second": 0.498}, "gulf": {"eval_loss": 1.6069329977035522, "eval_wer": 96.9418772452332, "eval_cer": 71.45140417106495, "eval_runtime": 1265.5168, "eval_samples_per_second": 4.273, "eval_steps_per_second": 0.534}, "iraqi": {"eval_loss": 1.1611649990081787, "eval_wer": 83.84641599454731, "eval_cer": 61.98225007072728, "eval_runtime": 772.3876, "eval_samples_per_second": 4.068, "eval_steps_per_second": 0.509}, "levantine": {"eval_loss": 1.4837756156921387, "eval_wer": 94.70723254871956, "eval_cer": 75.85928400792335, "eval_runtime": 932.5507, "eval_samples_per_second": 3.82, "eval_steps_per_second": 0.478}, "maghrebi": {"eval_loss": 1.8934681415557861, "eval_wer": 110.33316204179513, "eval_cer": 96.70404377134713, "eval_runtime": 1063.5257, "eval_samples_per_second": 3.923, "eval_steps_per_second": 0.491}, "MSA": {"eval_loss": 0.6272817254066467, "eval_wer": 64.18908983972945, "eval_cer": 26.911034746086294, "eval_runtime": 2218.1219, "eval_samples_per_second": 4.724, "eval_steps_per_second": 0.591}}