{"egyptian": {"eval_loss": 1.2129839658737183, "eval_wer": 78.02072841872706, "eval_cer": 49.339921497355895, "eval_runtime": 1037.4162, "eval_samples_per_second": 4.273, "eval_steps_per_second": 0.535}, "gulf": {"eval_loss": 1.3046603202819824, "eval_wer": 84.56200681629771, "eval_cer": 60.761335647278436, "eval_runtime": 1272.1058, "eval_samples_per_second": 4.251, "eval_steps_per_second": 0.531}, "iraqi": {"eval_loss": 1.4460084438323975, "eval_wer": 86.78291491536976, "eval_cer": 57.09735217997213, "eval_runtime": 685.885, "eval_samples_per_second": 4.581, "eval_steps_per_second": 0.573}, "levantine": {"eval_loss": 1.2011040449142456, "eval_wer": 78.36536297763176, "eval_cer": 52.80590340653082, "eval_runtime": 798.9316, "eval_samples_per_second": 4.458, "eval_steps_per_second": 0.558}, "maghrebi": {"eval_loss": 1.5282955169677734, "eval_wer": 89.36279547790339, "eval_cer": 60.630359819475956, "eval_runtime": 922.9391, "eval_samples_per_second": 4.52, "eval_steps_per_second": 0.566}, "MSA": {"eval_loss": 0.4813021421432495, "eval_wer": 55.173871489486835, "eval_cer": 22.830486245994987, "eval_runtime": 2147.8624, "eval_samples_per_second": 4.878, "eval_steps_per_second": 0.61}}