{"egyptian": {"eval_loss": 1.5640407800674438, "eval_wer": 86.8839143571916, "eval_cer": 61.60943041409514, "eval_runtime": 1077.857, "eval_samples_per_second": 4.113, "eval_steps_per_second": 0.515}, "gulf": {"eval_loss": 1.5962716341018677, "eval_wer": 89.8860879977893, "eval_cer": 65.19778863185014, "eval_runtime": 1217.8063, "eval_samples_per_second": 4.441, "eval_steps_per_second": 0.555}, "iraqi": {"eval_loss": 1.1951642036437988, "eval_wer": 77.99613768033625, "eval_cer": 52.006035395077376, "eval_runtime": 693.6825, "eval_samples_per_second": 4.529, "eval_steps_per_second": 0.567}, "levantine": {"eval_loss": 1.4835861921310425, "eval_wer": 87.11463162158512, "eval_cer": 63.37065469662577, "eval_runtime": 820.0744, "eval_samples_per_second": 4.344, "eval_steps_per_second": 0.544}, "maghrebi": {"eval_loss": 1.8806296586990356, "eval_wer": 95.10534429599178, "eval_cer": 74.36378379706608, "eval_runtime": 954.8631, "eval_samples_per_second": 4.369, "eval_steps_per_second": 0.547}, "MSA": {"eval_loss": 0.6252961158752441, "eval_wer": 63.687325393324514, "eval_cer": 25.998970732274184, "eval_runtime": 2142.5794, "eval_samples_per_second": 4.89, "eval_steps_per_second": 0.611}}