Wall time,Step,Value
1715247547.8447876,1000,1.384151577949524
1715254827.5356283,2000,1.3041576147079468
1715262063.6702855,3000,1.2533084154129028
1715269436.697223,4000,1.2168192863464355
1715276908.976186,5000,1.199288010597229
