Wall time,Step,Value
1715358511.9488943,1000,1.3760067224502563
1715365858.3898387,2000,1.292453408241272
1715373470.5633826,3000,1.243085265159607
1715381085.976714,4000,1.2068790197372437
1715388823.7649581,5000,1.1903239488601685
