{"egyptian": {"eval_loss": 1.4177011251449585, "eval_wer": 84.60638747197765, "eval_cer": 54.73224540279934, "eval_runtime": 1007.3405, "eval_samples_per_second": 4.401, "eval_steps_per_second": 0.551}, "gulf": {"eval_loss": 1.1691854000091553, "eval_wer": 76.7355460714176, "eval_cer": 64.08494802569194, "eval_runtime": 1286.0821, "eval_samples_per_second": 4.205, "eval_steps_per_second": 0.526}, "iraqi": {"eval_loss": 1.6376445293426514, "eval_wer": 90.96898784505282, "eval_cer": 63.434517011222056, "eval_runtime": 677.0866, "eval_samples_per_second": 4.64, "eval_steps_per_second": 0.58}, "levantine": {"eval_loss": 1.3605557680130005, "eval_wer": 80.78671407354067, "eval_cer": 54.32001156197131, "eval_runtime": 753.9114, "eval_samples_per_second": 4.725, "eval_steps_per_second": 0.592}, "maghrebi": {"eval_loss": 1.770797610282898, "eval_wer": 92.14628297362111, "eval_cer": 69.29125474039431, "eval_runtime": 926.42, "eval_samples_per_second": 4.503, "eval_steps_per_second": 0.563}, "MSA": {"eval_loss": 0.5228314995765686, "eval_wer": 56.489854433171594, "eval_cer": 22.330793366203498, "eval_runtime": 1978.3151, "eval_samples_per_second": 5.296, "eval_steps_per_second": 0.662}}