{"egyptian": {"eval_loss": 1.452471375465393, "eval_wer": 83.67068455765295, "eval_cer": 52.141153307334065, "eval_runtime": 991.1429, "eval_samples_per_second": 4.473, "eval_steps_per_second": 0.56}, "gulf": {"eval_loss": 1.1213250160217285, "eval_wer": 82.75046823666678, "eval_cer": 57.00415675188902, "eval_runtime": 1206.5943, "eval_samples_per_second": 4.482, "eval_steps_per_second": 0.56}, "iraqi": {"eval_loss": 1.679294228553772, "eval_wer": 94.46779506986255, "eval_cer": 61.57360352902962, "eval_runtime": 671.6542, "eval_samples_per_second": 4.678, "eval_steps_per_second": 0.585}, "levantine": {"eval_loss": 1.3998810052871704, "eval_wer": 83.32058148431523, "eval_cer": 54.38377243319986, "eval_runtime": 750.2897, "eval_samples_per_second": 4.747, "eval_steps_per_second": 0.594}, "maghrebi": {"eval_loss": 1.8404573202133179, "eval_wer": 98.93799246317232, "eval_cer": 66.83157368804724, "eval_runtime": 899.6509, "eval_samples_per_second": 4.637, "eval_steps_per_second": 0.58}, "MSA": {"eval_loss": 0.5749159455299377, "eval_wer": 59.46000588148802, "eval_cer": 24.732971429520063, "eval_runtime": 1990.0459, "eval_samples_per_second": 5.265, "eval_steps_per_second": 0.658}}