{"egyptian": {"eval_loss": 1.243004322052002, "eval_wer": 77.95899801812925, "eval_cer": 47.96801837618164, "eval_runtime": 983.5227, "eval_samples_per_second": 4.507, "eval_steps_per_second": 0.564}, "gulf": {"eval_loss": 1.3377958536148071, "eval_wer": 84.91817372347938, "eval_cer": 60.267534992455815, "eval_runtime": 1207.887, "eval_samples_per_second": 4.477, "eval_steps_per_second": 0.56}, "iraqi": {"eval_loss": 1.4668388366699219, "eval_wer": 87.02146995342497, "eval_cer": 54.03355092888502, "eval_runtime": 642.7133, "eval_samples_per_second": 4.889, "eval_steps_per_second": 0.611}, "levantine": {"eval_loss": 1.2257804870605469, "eval_wer": 76.88464827399973, "eval_cer": 50.45610276552153, "eval_runtime": 745.1262, "eval_samples_per_second": 4.78, "eval_steps_per_second": 0.599}, "maghrebi": {"eval_loss": 1.5411173105239868, "eval_wer": 94.73706748886605, "eval_cer": 64.99111304048685, "eval_runtime": 901.1757, "eval_samples_per_second": 4.63, "eval_steps_per_second": 0.579}, "MSA": {"eval_loss": 0.5183748602867126, "eval_wer": 56.17923834730186, "eval_cer": 22.618988329432078, "eval_runtime": 1993.4882, "eval_samples_per_second": 5.256, "eval_steps_per_second": 0.657}}