{"egyptian": {"eval_loss": 1.4466925859451294, "eval_wer": 82.4458234510543, "eval_cer": 49.65102924286598, "eval_runtime": 974.4381, "eval_samples_per_second": 4.549, "eval_steps_per_second": 0.57}, "gulf": {"eval_loss": 1.559417486190796, "eval_wer": 86.97534465289078, "eval_cer": 60.85079228764485, "eval_runtime": 1190.3719, "eval_samples_per_second": 4.543, "eval_steps_per_second": 0.568}, "iraqi": {"eval_loss": 1.7752453088760376, "eval_wer": 92.69567193002386, "eval_cer": 58.35786958936262, "eval_runtime": 643.8671, "eval_samples_per_second": 4.88, "eval_steps_per_second": 0.61}, "levantine": {"eval_loss": 1.0831984281539917, "eval_wer": 71.06530446914803, "eval_cer": 45.40794205412023, "eval_runtime": 739.2542, "eval_samples_per_second": 4.818, "eval_steps_per_second": 0.603}, "maghrebi": {"eval_loss": 1.8345813751220703, "eval_wer": 93.23826652963344, "eval_cer": 64.14500896886697, "eval_runtime": 928.8357, "eval_samples_per_second": 4.492, "eval_steps_per_second": 0.562}, "MSA": {"eval_loss": 0.5330542922019958, "eval_wer": 55.102190854286135, "eval_cer": 22.17009479223733, "eval_runtime": 2155.1298, "eval_samples_per_second": 4.862, "eval_steps_per_second": 0.608}}