{"egyptian": {"eval_loss": 1.0469081401824951, "eval_wer": 69.26150947074305, "eval_cer": 41.48902603713099, "eval_runtime": 989.3852, "eval_samples_per_second": 4.481, "eval_steps_per_second": 0.561}, "gulf": {"eval_loss": 1.5324103832244873, "eval_wer": 90.19005803064263, "eval_cer": 68.23812164910335, "eval_runtime": 1287.7344, "eval_samples_per_second": 4.2, "eval_steps_per_second": 0.525}, "iraqi": {"eval_loss": 1.7418936491012573, "eval_wer": 94.53027377030557, "eval_cer": 62.91480243511426, "eval_runtime": 680.7024, "eval_samples_per_second": 4.616, "eval_steps_per_second": 0.577}, "levantine": {"eval_loss": 1.3480788469314575, "eval_wer": 83.73464152302084, "eval_cer": 55.31468115313661, "eval_runtime": 771.7996, "eval_samples_per_second": 4.615, "eval_steps_per_second": 0.578}, "maghrebi": {"eval_loss": 1.7864912748336792, "eval_wer": 95.90613223706748, "eval_cer": 68.32228947734849, "eval_runtime": 939.798, "eval_samples_per_second": 4.439, "eval_steps_per_second": 0.555}, "MSA": {"eval_loss": 0.5260717272758484, "eval_wer": 58.27819438317895, "eval_cer": 23.80795856367349, "eval_runtime": 2037.3411, "eval_samples_per_second": 5.143, "eval_steps_per_second": 0.643}}