{"egyptian": {"eval_loss": 1.2404859066009521, "eval_wer": 82.73823061178076, "eval_cer": 54.49055317859982, "eval_runtime": 1023.7865, "eval_samples_per_second": 4.33, "eval_steps_per_second": 0.542}, "gulf": {"eval_loss": 1.3267064094543457, "eval_wer": 95.68915226135282, "eval_cer": 69.76425193375437, "eval_runtime": 1273.7109, "eval_samples_per_second": 4.246, "eval_steps_per_second": 0.531}, "iraqi": {"eval_loss": 1.4668656587600708, "eval_wer": 97.1259797796206, "eval_cer": 61.8785167178348, "eval_runtime": 670.7414, "eval_samples_per_second": 4.684, "eval_steps_per_second": 0.586}, "levantine": {"eval_loss": 1.2098736763000488, "eval_wer": 81.81736351771008, "eval_cer": 55.05198636367501, "eval_runtime": 773.0598, "eval_samples_per_second": 4.608, "eval_steps_per_second": 0.577}, "maghrebi": {"eval_loss": 1.5407686233520508, "eval_wer": 107.8280232956492, "eval_cer": 77.57291811711129, "eval_runtime": 960.1604, "eval_samples_per_second": 4.345, "eval_steps_per_second": 0.544}, "MSA": {"eval_loss": 0.5081826448440552, "eval_wer": 57.074327304808115, "eval_cer": 23.577203379982404, "eval_runtime": 2066.557, "eval_samples_per_second": 5.07, "eval_steps_per_second": 0.634}}