{"egyptian": {"eval_loss": 1.0584715604782104, "eval_wer": 72.27655219467819, "eval_cer": 48.4053361604382, "eval_runtime": 1020.5075, "eval_samples_per_second": 4.344, "eval_steps_per_second": 0.544}, "gulf": {"eval_loss": 1.5482466220855713, "eval_wer": 93.278884829132, "eval_cer": 71.31244818969579, "eval_runtime": 1282.5301, "eval_samples_per_second": 4.217, "eval_steps_per_second": 0.527}, "iraqi": {"eval_loss": 1.743247151374817, "eval_wer": 98.19379756901057, "eval_cer": 65.32581703113048, "eval_runtime": 679.7816, "eval_samples_per_second": 4.622, "eval_steps_per_second": 0.578}, "levantine": {"eval_loss": 1.3513028621673584, "eval_wer": 93.17701066654665, "eval_cer": 66.13702636299489, "eval_runtime": 831.5549, "eval_samples_per_second": 4.284, "eval_steps_per_second": 0.536}, "maghrebi": {"eval_loss": 1.7878789901733398, "eval_wer": 97.24648852346695, "eval_cer": 77.85549885739091, "eval_runtime": 1006.6286, "eval_samples_per_second": 4.145, "eval_steps_per_second": 0.519}, "MSA": {"eval_loss": 0.5466384291648865, "eval_wer": 59.516982796647554, "eval_cer": 24.061955276657205, "eval_runtime": 2062.8618, "eval_samples_per_second": 5.079, "eval_steps_per_second": 0.635}}