{"egyptian": {"eval_loss": 1.3658955097198486, "eval_wer": 85.13921829819033, "eval_cer": 52.65609026541971, "eval_runtime": 1002.0052, "eval_samples_per_second": 4.424, "eval_steps_per_second": 0.554}, "gulf": {"eval_loss": 1.1371859312057495, "eval_wer": 84.94273695845743, "eval_cer": 64.20720543419272, "eval_runtime": 1249.9094, "eval_samples_per_second": 4.327, "eval_steps_per_second": 0.541}, "iraqi": {"eval_loss": 1.5885028839111328, "eval_wer": 97.61444961944792, "eval_cer": 67.23912109559186, "eval_runtime": 687.6048, "eval_samples_per_second": 4.569, "eval_steps_per_second": 0.572}, "levantine": {"eval_loss": 1.3387441635131836, "eval_wer": 82.010891579279, "eval_cer": 55.20926317937208, "eval_runtime": 751.4844, "eval_samples_per_second": 4.74, "eval_steps_per_second": 0.593}, "maghrebi": {"eval_loss": 1.716111660003662, "eval_wer": 95.88900308324769, "eval_cer": 70.2577627796116, "eval_runtime": 931.8991, "eval_samples_per_second": 4.477, "eval_steps_per_second": 0.56}, "MSA": {"eval_loss": 0.5479959845542908, "eval_wer": 58.46199088369357, "eval_cer": 23.739894085030794, "eval_runtime": 1958.5222, "eval_samples_per_second": 5.35, "eval_steps_per_second": 0.669}}