{"egyptian": {"eval_loss": 1.043602705001831, "eval_wer": 74.92121251502648, "eval_cer": 53.47203816591571, "eval_runtime": 1096.4386, "eval_samples_per_second": 4.043, "eval_steps_per_second": 0.506}, "gulf": {"eval_loss": 1.585587501525879, "eval_wer": 92.70778961589241, "eval_cer": 74.96526100465772, "eval_runtime": 1336.0789, "eval_samples_per_second": 4.048, "eval_steps_per_second": 0.506}, "iraqi": {"eval_loss": 1.8004380464553833, "eval_wer": 100.10223787345222, "eval_cer": 70.79434600836154, "eval_runtime": 716.7948, "eval_samples_per_second": 4.383, "eval_steps_per_second": 0.548}, "levantine": {"eval_loss": 1.3847168684005737, "eval_wer": 94.14015032179665, "eval_cer": 70.08254907461722, "eval_runtime": 874.3955, "eval_samples_per_second": 4.074, "eval_steps_per_second": 0.51}, "maghrebi": {"eval_loss": 1.8535537719726562, "eval_wer": 108.05498458376157, "eval_cer": 90.18584802889696, "eval_runtime": 1056.2492, "eval_samples_per_second": 3.95, "eval_steps_per_second": 0.494}, "MSA": {"eval_loss": 0.5512425303459167, "eval_wer": 60.93405381561535, "eval_cer": 25.68587413051779, "eval_runtime": 2122.7934, "eval_samples_per_second": 4.936, "eval_steps_per_second": 0.617}}