{"egyptian": {"eval_loss": 1.6176564693450928, "eval_wer": 82.81620585464115, "eval_cer": 48.6350384309568, "eval_runtime": 1083.6953, "eval_samples_per_second": 4.091, "eval_steps_per_second": 0.512}, "gulf": {"eval_loss": 1.7583527565002441, "eval_wer": 86.99069667475207, "eval_cer": 54.180905181924985, "eval_runtime": 1206.7253, "eval_samples_per_second": 4.482, "eval_steps_per_second": 0.56}, "iraqi": {"eval_loss": 2.001950263977051, "eval_wer": 94.13268204021357, "eval_cer": 56.664605970430756, "eval_runtime": 668.5541, "eval_samples_per_second": 4.7, "eval_steps_per_second": 0.588}, "levantine": {"eval_loss": 1.236997365951538, "eval_wer": 75.0438813627976, "eval_cer": 48.15135980684707, "eval_runtime": 788.735, "eval_samples_per_second": 4.516, "eval_steps_per_second": 0.565}, "maghrebi": {"eval_loss": 2.043365478515625, "eval_wer": 92.72439191503939, "eval_cer": 60.41494319717583, "eval_runtime": 956.5793, "eval_samples_per_second": 4.361, "eval_steps_per_second": 0.546}, "MSA": {"eval_loss": 0.5996006727218628, "eval_wer": 56.719600058814876, "eval_cer": 23.938111127712205, "eval_runtime": 2233.9388, "eval_samples_per_second": 4.69, "eval_steps_per_second": 0.586}}