{"egyptian": {"eval_loss": 1.569066047668457, "eval_wer": 87.3842554988791, "eval_cer": 56.470788686532124, "eval_runtime": 1012.6656, "eval_samples_per_second": 4.378, "eval_steps_per_second": 0.548}, "gulf": {"eval_loss": 1.62363862991333, "eval_wer": 94.99524087322301, "eval_cer": 65.26040828010663, "eval_runtime": 1168.6155, "eval_samples_per_second": 4.628, "eval_steps_per_second": 0.578}, "iraqi": {"eval_loss": 1.17717444896698, "eval_wer": 78.02453708962854, "eval_cer": 50.23418590274213, "eval_runtime": 689.0355, "eval_samples_per_second": 4.56, "eval_steps_per_second": 0.57}, "levantine": {"eval_loss": 1.4845718145370483, "eval_wer": 87.1776407579099, "eval_cer": 58.824079505555694, "eval_runtime": 765.6966, "eval_samples_per_second": 4.652, "eval_steps_per_second": 0.582}, "maghrebi": {"eval_loss": 1.9063538312911987, "eval_wer": 101.01062007536828, "eval_cer": 73.559452530531, "eval_runtime": 907.6749, "eval_samples_per_second": 4.596, "eval_steps_per_second": 0.575}, "MSA": {"eval_loss": 0.6457507610321045, "eval_wer": 63.130421996765186, "eval_cer": 25.170576223915536, "eval_runtime": 2054.1594, "eval_samples_per_second": 5.101, "eval_steps_per_second": 0.638}}