{"egyptian": {"eval_loss": 4.550673007965088, "eval_wer": 101.793430585789, "eval_cer": 64.12227228553759, "eval_runtime": 1191.5725, "eval_samples_per_second": 3.72, "eval_steps_per_second": 0.466}, "gulf": {"eval_loss": 5.081784248352051, "eval_wer": 127.1423746507415, "eval_cer": 91.11278096839796, "eval_runtime": 1516.1844, "eval_samples_per_second": 3.567, "eval_steps_per_second": 0.446}, "iraqi": {"eval_loss": 5.166785717010498, "eval_wer": 147.22821765307282, "eval_cer": 97.91380701405116, "eval_runtime": 890.8276, "eval_samples_per_second": 3.527, "eval_steps_per_second": 0.441}, "levantine": {"eval_loss": 4.701355934143066, "eval_wer": 113.12840361852467, "eval_cer": 75.46821733105494, "eval_runtime": 932.6604, "eval_samples_per_second": 3.819, "eval_steps_per_second": 0.478}, "maghrebi": {"eval_loss": 5.316154479980469, "eval_wer": 152.6892771497088, "eval_cer": 106.28885485178844, "eval_runtime": 1210.3357, "eval_samples_per_second": 3.447, "eval_steps_per_second": 0.431}, "MSA": {"eval_loss": 4.278696537017822, "eval_wer": 61.82546684311131, "eval_cer": 26.633796503809954, "eval_runtime": 2302.051, "eval_samples_per_second": 4.552, "eval_steps_per_second": 0.569}}