{
    "egyptian": {
        "eval_loss": 1.5582114458084106,
        "eval_wer": 85.31141362617369,
        "eval_cer": 51.77703734555047,
        "eval_runtime": 1110.8476,
        "eval_samples_per_second": 3.991,
        "eval_steps_per_second": 0.5
    },
    "gulf": {
        "eval_loss": 1.621541976928711,
        "eval_wer": 91.45813503638429,
        "eval_cer": 60.13036814389399,
        "eval_runtime": 1322.2621,
        "eval_samples_per_second": 4.09,
        "eval_steps_per_second": 0.511
    },
    "iraqi": {
        "eval_loss": 1.8048135042190552,
        "eval_wer": 97.37021469953426,
        "eval_cer": 59.92958705743055,
        "eval_runtime": 733.0669,
        "eval_samples_per_second": 4.286,
        "eval_steps_per_second": 0.536
    },
    "levantine": {
        "eval_loss": 1.4664230346679688,
        "eval_wer": 84.1081956883748,
        "eval_cer": 52.479447745840666,
        "eval_runtime": 839.0056,
        "eval_samples_per_second": 4.246,
        "eval_steps_per_second": 0.532
    },
    "maghrebi": {
        "eval_loss": 1.1843513250350952,
        "eval_wer": 78.56286399451868,
        "eval_cer": 51.20526828788834,
        "eval_runtime": 997.0635,
        "eval_samples_per_second": 4.184,
        "eval_steps_per_second": 0.524
    },
    "MSA": {
        "eval_loss": 0.5525676012039185,
        "eval_wer": 58.27268048816351,
        "eval_cer": 23.523083818915286,
        "eval_runtime": 2318.6765,
        "eval_samples_per_second": 4.519,
        "eval_steps_per_second": 0.565
    }
}