{
    "egyptian": {
        "eval_loss": 1.0167158842086792,
        "eval_wer": 73.70934728223789,
        "eval_cer": 44.34326606338268,
        "eval_runtime": 1156.0521,
        "eval_samples_per_second": 3.835,
        "eval_steps_per_second": 0.48
    },
    "gulf": {
        "eval_loss": 1.5776513814926147,
        "eval_wer": 93.07623814056312,
        "eval_cer": 64.72605394831791,
        "eval_runtime": 1415.7237,
        "eval_samples_per_second": 3.82,
        "eval_steps_per_second": 0.477
    },
    "iraqi": {
        "eval_loss": 1.795121431350708,
        "eval_wer": 97.52357150971261,
        "eval_cer": 62.356318828127456,
        "eval_runtime": 776.4835,
        "eval_samples_per_second": 4.046,
        "eval_steps_per_second": 0.506
    },
    "levantine": {
        "eval_loss": 1.382951259613037,
        "eval_wer": 92.43440298843332,
        "eval_cer": 62.13029321499316,
        "eval_runtime": 939.0846,
        "eval_samples_per_second": 3.793,
        "eval_steps_per_second": 0.475
    },
    "maghrebi": {
        "eval_loss": 1.841259241104126,
        "eval_wer": 103.12607057211373,
        "eval_cer": 73.43331504066705,
        "eval_runtime": 1108.2069,
        "eval_samples_per_second": 3.765,
        "eval_steps_per_second": 0.471
    },
    "MSA": {
        "eval_loss": 0.5331328511238098,
        "eval_wer": 59.77062196735774,
        "eval_cer": 24.80435612663313,
        "eval_runtime": 2429.5954,
        "eval_samples_per_second": 4.313,
        "eval_steps_per_second": 0.539
    }
}