{
    "egyptian": {
        "eval_loss": 1.403647541999817,
        "eval_wer": 83.37177946002144,
        "eval_cer": 55.374023449825195,
        "eval_runtime": 1162.7272,
        "eval_samples_per_second": 3.813,
        "eval_steps_per_second": 0.477
    },
    "gulf": {
        "eval_loss": 1.096524953842163,
        "eval_wer": 79.12432067303263,
        "eval_cer": 57.7681164606182,
        "eval_runtime": 1384.2349,
        "eval_samples_per_second": 3.907,
        "eval_steps_per_second": 0.488
    },
    "iraqi": {
        "eval_loss": 1.6453261375427246,
        "eval_wer": 93.33181869817108,
        "eval_cer": 61.853369238345714,
        "eval_runtime": 771.3142,
        "eval_samples_per_second": 4.074,
        "eval_steps_per_second": 0.51
    },
    "levantine": {
        "eval_loss": 1.3567099571228027,
        "eval_wer": 83.06854493901615,
        "eval_cer": 54.28345532913361,
        "eval_runtime": 856.4116,
        "eval_samples_per_second": 4.159,
        "eval_steps_per_second": 0.521
    },
    "maghrebi": {
        "eval_loss": 1.7842817306518555,
        "eval_wer": 95.18670777663584,
        "eval_cer": 68.07656709449664,
        "eval_runtime": 1043.8428,
        "eval_samples_per_second": 3.997,
        "eval_steps_per_second": 0.5
    },
    "MSA": {
        "eval_loss": 0.5300102233886719,
        "eval_wer": 56.80047051904131,
        "eval_cer": 23.13860252004582,
        "eval_runtime": 2295.7721,
        "eval_samples_per_second": 4.564,
        "eval_steps_per_second": 0.571
    }
}