Wall time,Step,Value
1713718397.228359,1000,0.348444402217865
1713722881.4367225,2000,0.29850226640701294
1713727359.318919,3000,0.2765233814716339
1713731409.5066752,4000,0.27859729528427124
1713735398.4181333,5000,0.2770070731639862
