Wall time,Step,Value
1713777639.8236315,1000,0.34235334396362305
1713782979.9101477,2000,0.28868672251701355
1713787932.9505,3000,0.2576030194759369
1713792532.4068956,4000,0.2372235357761383
1713797630.9019966,5000,0.23124288022518158
