Wall time,Step,Value
1713518890.2835858,1000,0.3424592614173889
1713522926.3380687,2000,0.2855232059955597
1713526939.7274091,3000,0.254996120929718
1713531909.8851247,4000,0.2438921481370926
1713536672.9670038,5000,0.23594366014003754
