Wall time,Step,Value
1713718379.3221233,1000,0.34926944971084595
1713722865.3882194,2000,0.287245512008667
1713727339.8796213,3000,0.2664027810096741
1713731423.3181005,4000,0.2509143352508545
1713735435.688879,5000,0.24663741886615753
