{
  "wer": 73.21661640937937,
  "cer": 47.77303855761551,
  "normalized_wer": 77.70378487734975,
  "normalized_cer": 46.041617914424066,
  "samples": 3562
}