{
    "egyptian": {
        "eval_loss": 1.3964896202087402,
        "eval_wer": 84.88904772734656,
        "eval_cer": 53.66577057539157,
        "eval_runtime": 1146.9566,
        "eval_samples_per_second": 3.865,
        "eval_steps_per_second": 0.484
    },
    "gulf": {
        "eval_loss": 1.1020129919052124,
        "eval_wer": 83.18339525315484,
        "eval_cer": 61.64993827491815,
        "eval_runtime": 1411.4032,
        "eval_samples_per_second": 3.832,
        "eval_steps_per_second": 0.479
    },
    "iraqi": {
        "eval_loss": 1.6502331495285034,
        "eval_wer": 94.12132227649664,
        "eval_cer": 60.809748839548604,
        "eval_runtime": 759.4504,
        "eval_samples_per_second": 4.137,
        "eval_steps_per_second": 0.517
    },
    "levantine": {
        "eval_loss": 1.3781547546386719,
        "eval_wer": 81.26378324857104,
        "eval_cer": 54.16358489122395,
        "eval_runtime": 876.6216,
        "eval_samples_per_second": 4.063,
        "eval_steps_per_second": 0.509
    },
    "maghrebi": {
        "eval_loss": 1.7923558950424194,
        "eval_wer": 96.66837958204864,
        "eval_cer": 67.73828928077059,
        "eval_runtime": 1066.8697,
        "eval_samples_per_second": 3.911,
        "eval_steps_per_second": 0.489
    },
    "MSA": {
        "eval_loss": 0.7463337182998657,
        "eval_wer": 64.05491839435378,
        "eval_cer": 26.856915185019176,
        "eval_runtime": 2335.013,
        "eval_samples_per_second": 4.487,
        "eval_steps_per_second": 0.561
    }
}