{
    "egyptian": {
        "eval_loss": 1.4958043098449707,
        "eval_wer": 88.63835732155042,
        "eval_cer": 57.26906718160363,
        "eval_runtime": 1265.843,
        "eval_samples_per_second": 3.502,
        "eval_steps_per_second": 0.438
    },
    "gulf": {
        "eval_loss": 1.6117799282073975,
        "eval_wer": 95.35140778040468,
        "eval_cer": 66.94398225180255,
        "eval_runtime": 1516.2506,
        "eval_samples_per_second": 3.567,
        "eval_steps_per_second": 0.446
    },
    "iraqi": {
        "eval_loss": 1.8410892486572266,
        "eval_wer": 101.41429058275588,
        "eval_cer": 65.4966103293272,
        "eval_runtime": 832.8204,
        "eval_samples_per_second": 3.773,
        "eval_steps_per_second": 0.472
    },
    "levantine": {
        "eval_loss": 1.1279548406600952,
        "eval_wer": 88.36581304289122,
        "eval_cer": 60.55157404337439,
        "eval_runtime": 994.4995,
        "eval_samples_per_second": 3.582,
        "eval_steps_per_second": 0.448
    },
    "maghrebi": {
        "eval_loss": 1.8934639692306519,
        "eval_wer": 116.39260020554984,
        "eval_cer": 88.48381099034312,
        "eval_runtime": 1240.1346,
        "eval_samples_per_second": 3.364,
        "eval_steps_per_second": 0.421
    },
    "MSA": {
        "eval_loss": 0.7691454291343689,
        "eval_wer": 65.77709160417585,
        "eval_cer": 28.578780483755832,
        "eval_runtime": 2606.3721,
        "eval_samples_per_second": 4.02,
        "eval_steps_per_second": 0.503
    }
}