{
    "egyptian": {
        "eval_loss": 1.092371940612793,
        "eval_wer": 72.734656746483,
        "eval_cer": 45.48294271326341,
        "eval_runtime": 1192.3867,
        "eval_samples_per_second": 3.718,
        "eval_steps_per_second": 0.465
    },
    "gulf": {
        "eval_loss": 1.1678264141082764,
        "eval_wer": 83.42595719856305,
        "eval_cer": 60.32180535427811,
        "eval_runtime": 1464.0543,
        "eval_samples_per_second": 3.694,
        "eval_steps_per_second": 0.462
    },
    "iraqi": {
        "eval_loss": 1.288028597831726,
        "eval_wer": 85.31182551402931,
        "eval_cer": 54.8875174198686,
        "eval_runtime": 809.3033,
        "eval_samples_per_second": 3.882,
        "eval_steps_per_second": 0.486
    },
    "levantine": {
        "eval_loss": 1.1062172651290894,
        "eval_wer": 83.76614609118323,
        "eval_cer": 58.831730810103124,
        "eval_runtime": 956.6289,
        "eval_samples_per_second": 3.723,
        "eval_steps_per_second": 0.466
    },
    "maghrebi": {
        "eval_loss": 1.3519576787948608,
        "eval_wer": 89.4998287084618,
        "eval_cer": 63.00731433626289,
        "eval_runtime": 1090.6873,
        "eval_samples_per_second": 3.825,
        "eval_steps_per_second": 0.479
    },
    "MSA": {
        "eval_loss": 0.6151055097579956,
        "eval_wer": 61.59939714747831,
        "eval_cer": 25.06864551687501,
        "eval_runtime": 2449.6019,
        "eval_samples_per_second": 4.277,
        "eval_steps_per_second": 0.535
    }
}