{"eval_loss": 0.39019128680229187, "eval_wer": 49.54786060873401, "eval_cer": 21.885220047479123, "eval_runtime": 2535.4553, "eval_samples_per_second": 4.133, "eval_steps_per_second": 0.517}