{"eval_loss": 0.536714494228363, "eval_wer": 51.62843699455962, "eval_cer": 22.655510732606203, "eval_runtime": 2541.3626, "eval_samples_per_second": 4.123, "eval_steps_per_second": 0.515}