{"eval_loss": 0.3317670226097107, "eval_wer": 45.838847228348776, "eval_cer": 19.780865580955226, "eval_runtime": 2492.0563, "eval_samples_per_second": 4.205, "eval_steps_per_second": 0.526}