{"eval_loss": 0.34086671471595764, "eval_wer": 47.10336715188943, "eval_cer": 20.481763700051463, "eval_runtime": 2489.4507, "eval_samples_per_second": 4.209, "eval_steps_per_second": 0.526}