{
  "eval/wer": 78.16653413608996,
  "eval/cer": 48.40018827467183,
  "eval/normalized_wer": 80.29137781629116,
  "eval/normalized_cer": 46.74519928997902,
  "eval/samples": 3142
}