{
  "eval/wer": 82.50176548251405,
  "eval/cer": 65.37728545053898,
  "eval/normalized_wer": 80.00926640926642,
  "eval/normalized_cer": 63.971558787637285,
  "eval/samples": 5408
}