{
  "eval/wer": 80.30784959672839,
  "eval/cer": 50.609277757439465,
  "eval/normalized_wer": 85.32820623916811,
  "eval/normalized_cer": 48.83007907051799,
  "eval/samples": 3142
}