{
  "eval/wer": 78.34829035556061,
  "eval/cer": 47.686836462528106,
  "eval/normalized_wer": 81.60745233968805,
  "eval/normalized_cer": 46.028723575923834,
  "eval/samples": 3142
}