{
  "eval/wer": 100.0,
  "eval/cer": 766.037758322911,
  "eval/normalized_wer": 99.9969114831058,
  "eval/normalized_cer": 791.5462004905806,
  "eval/samples": 5408
}