{
  "eval/wer": 77.85982051573328,
  "eval/cer": 50.25469379216568,
  "eval/normalized_wer": 83.04809358752166,
  "eval/normalized_cer": 48.752622236566076,
  "eval/samples": 3142
}