{
  "eval/wer": 85.28662224815008,
  "eval/cer": 64.83830623548329,
  "eval/normalized_wer": 83.34671690654147,
  "eval/normalized_cer": 63.563806606651475,
  "eval/samples": 5408
}