{
  "eval/wer": 100.21583551062139,
  "eval/cer": 89.31855028502693,
  "eval/normalized_wer": 102.8325389948007,
  "eval/normalized_cer": 80.23237050185573,
  "eval/samples": 3142
}