{
  "eval/wer": 86.1521452043856,
  "eval/cer": 70.813898767506,
  "eval/normalized_wer": 83.82452888476985,
  "eval/normalized_cer": 69.5909382453125,
  "eval/samples": 5407
}