{
  "eval/wer": 86.67444502440972,
  "eval/cer": 68.64748972663926,
  "eval/normalized_wer": 84.00259467473899,
  "eval/normalized_cer": 66.99353730060892,
  "eval/samples": 5408
}