{"egyptian": {"eval_loss": 1.0568108558654785, "eval_wer": 76.03235972578706, "eval_cer": 51.33277800916285, "eval_runtime": 1022.8134, "eval_samples_per_second": 4.334, "eval_steps_per_second": 0.543}, "gulf": {"eval_loss": 1.5094492435455322, "eval_wer": 95.87030611931591, "eval_cer": 78.2954335366981, "eval_runtime": 1303.7492, "eval_samples_per_second": 4.148, "eval_steps_per_second": 0.519}, "iraqi": {"eval_loss": 1.7076029777526855, "eval_wer": 100.27831421106441, "eval_cer": 68.28483711767973, "eval_runtime": 687.0082, "eval_samples_per_second": 4.573, "eval_steps_per_second": 0.572}, "levantine": {"eval_loss": 1.3575371503829956, "eval_wer": 88.46032674737837, "eval_cer": 62.35898220646621, "eval_runtime": 800.6888, "eval_samples_per_second": 4.449, "eval_steps_per_second": 0.557}, "maghrebi": {"eval_loss": 1.7487459182739258, "eval_wer": 102.42805755395683, "eval_cer": 82.71261129176256, "eval_runtime": 989.7523, "eval_samples_per_second": 4.215, "eval_steps_per_second": 0.527}, "MSA": {"eval_loss": 0.738538920879364, "eval_wer": 68.13703867078371, "eval_cer": 30.436774739777878, "eval_runtime": 2024.8762, "eval_samples_per_second": 5.175, "eval_steps_per_second": 0.647}}