{"egyptian": {"eval_loss": 1.6313260793685913, "eval_wer": 97.62500406121056, "eval_cer": 65.22029962263198, "eval_runtime": 1091.3061, "eval_samples_per_second": 4.062, "eval_steps_per_second": 0.509}, "gulf": {"eval_loss": 1.6917258501052856, "eval_wer": 114.56292793760939, "eval_cer": 81.77947149016872, "eval_runtime": 1260.0419, "eval_samples_per_second": 4.292, "eval_steps_per_second": 0.536}, "iraqi": {"eval_loss": 1.2451081275939941, "eval_wer": 82.93195501533567, "eval_cer": 53.83970577448998, "eval_runtime": 728.9391, "eval_samples_per_second": 4.31, "eval_steps_per_second": 0.539}, "levantine": {"eval_loss": 1.5709666013717651, "eval_wer": 105.61681443809351, "eval_cer": 79.37038265024187, "eval_runtime": 932.3921, "eval_samples_per_second": 3.82, "eval_steps_per_second": 0.478}, "maghrebi": {"eval_loss": 1.9894953966140747, "eval_wer": 110.79136690647482, "eval_cer": 83.40472933679528, "eval_runtime": 989.9477, "eval_samples_per_second": 4.214, "eval_steps_per_second": 0.527}, "MSA": {"eval_loss": 0.8981556296348572, "eval_wer": 75.89325099250111, "eval_cer": 34.73612563706692, "eval_runtime": 2605.2924, "eval_samples_per_second": 4.022, "eval_steps_per_second": 0.503}}