{"egyptian": {"eval_loss": 1.3821994066238403, "eval_wer": 87.11459111732024, "eval_cer": 60.3839309378668, "eval_runtime": 1075.9802, "eval_samples_per_second": 4.12, "eval_steps_per_second": 0.516}, "gulf": {"eval_loss": 1.163948893547058, "eval_wer": 86.821824434278, "eval_cer": 71.31781558811777, "eval_runtime": 1316.1134, "eval_samples_per_second": 4.109, "eval_steps_per_second": 0.514}, "iraqi": {"eval_loss": 1.6198341846466064, "eval_wer": 96.58071112120868, "eval_cer": 66.61043410836469, "eval_runtime": 705.795, "eval_samples_per_second": 4.452, "eval_steps_per_second": 0.557}, "levantine": {"eval_loss": 1.3654440641403198, "eval_wer": 83.89216436383276, "eval_cer": 58.98220646620249, "eval_runtime": 789.7179, "eval_samples_per_second": 4.51, "eval_steps_per_second": 0.565}, "maghrebi": {"eval_loss": 1.738173246383667, "eval_wer": 98.4840698869476, "eval_cer": 75.8913579437951, "eval_runtime": 991.4583, "eval_samples_per_second": 4.208, "eval_steps_per_second": 0.526}, "MSA": {"eval_loss": 0.7583291530609131, "eval_wer": 67.13350977797383, "eval_cer": 29.887278582930755, "eval_runtime": 2060.2107, "eval_samples_per_second": 5.086, "eval_steps_per_second": 0.636}}