{"egyptian": {"eval_loss": 1.6004629135131836, "eval_wer": 85.92546866369928, "eval_cer": 50.66134060303157, "eval_runtime": 961.124, "eval_samples_per_second": 4.612, "eval_steps_per_second": 0.577}, "gulf": {"eval_loss": 1.716137409210205, "eval_wer": 89.68958211796493, "eval_cer": 60.382635869727274, "eval_runtime": 1172.3427, "eval_samples_per_second": 4.613, "eval_steps_per_second": 0.577}, "iraqi": {"eval_loss": 1.9726409912109375, "eval_wer": 95.76848801544928, "eval_cer": 58.99703469304358, "eval_runtime": 635.762, "eval_samples_per_second": 4.942, "eval_steps_per_second": 0.618}, "levantine": {"eval_loss": 1.1850663423538208, "eval_wer": 74.12574823349387, "eval_cer": 47.49759834051706, "eval_runtime": 740.0372, "eval_samples_per_second": 4.813, "eval_steps_per_second": 0.603}, "maghrebi": {"eval_loss": 2.0209946632385254, "eval_wer": 97.01096265844468, "eval_cer": 66.44660862157934, "eval_runtime": 894.7976, "eval_samples_per_second": 4.663, "eval_steps_per_second": 0.583}, "MSA": {"eval_loss": 0.8254596590995789, "eval_wer": 67.71430671960006, "eval_cer": 29.897571260188922, "eval_runtime": 2070.9177, "eval_samples_per_second": 5.06, "eval_steps_per_second": 0.633}}