{"egyptian": {"eval_loss": 1.2324926853179932, "eval_wer": 79.41128691640404, "eval_cer": 47.486527078363814, "eval_runtime": 971.9589, "eval_samples_per_second": 4.561, "eval_steps_per_second": 0.571}, "gulf": {"eval_loss": 1.3285729885101318, "eval_wer": 88.11446467499769, "eval_cer": 64.89244329939945, "eval_runtime": 1233.9162, "eval_samples_per_second": 4.383, "eval_steps_per_second": 0.548}, "iraqi": {"eval_loss": 1.4635241031646729, "eval_wer": 92.5309553561286, "eval_cer": 57.43789096472018, "eval_runtime": 638.2207, "eval_samples_per_second": 4.923, "eval_steps_per_second": 0.616}, "levantine": {"eval_loss": 1.2365199327468872, "eval_wer": 79.73356136639813, "eval_cer": 51.56214134509934, "eval_runtime": 736.917, "eval_samples_per_second": 4.834, "eval_steps_per_second": 0.605}, "maghrebi": {"eval_loss": 1.5378345251083374, "eval_wer": 93.28965399109283, "eval_cer": 60.01769201156534, "eval_runtime": 862.0876, "eval_samples_per_second": 4.839, "eval_steps_per_second": 0.606}, "MSA": {"eval_loss": 0.6739546656608582, "eval_wer": 64.7147478312013, "eval_cer": 27.62820193568737, "eval_runtime": 2001.47, "eval_samples_per_second": 5.235, "eval_steps_per_second": 0.655}}