{"egyptian": {"eval_loss": 1.378509521484375, "eval_wer": 84.07355664576497, "eval_cer": 57.712064417603784, "eval_runtime": 1061.799, "eval_samples_per_second": 4.175, "eval_steps_per_second": 0.523}, "gulf": {"eval_loss": 1.4966533184051514, "eval_wer": 91.19100985599803, "eval_cer": 68.90725731904412, "eval_runtime": 1261.3946, "eval_samples_per_second": 4.287, "eval_steps_per_second": 0.536}, "iraqi": {"eval_loss": 1.6982375383377075, "eval_wer": 97.31341588094968, "eval_cer": 65.66111675765166, "eval_runtime": 683.4091, "eval_samples_per_second": 4.598, "eval_steps_per_second": 0.575}, "levantine": {"eval_loss": 1.0869982242584229, "eval_wer": 78.89643998379765, "eval_cer": 54.80034345855969, "eval_runtime": 782.451, "eval_samples_per_second": 4.552, "eval_steps_per_second": 0.57}, "maghrebi": {"eval_loss": 1.7501938343048096, "eval_wer": 104.35936964713943, "eval_cer": 83.57427778096307, "eval_runtime": 1000.9442, "eval_samples_per_second": 4.168, "eval_steps_per_second": 0.522}, "MSA": {"eval_loss": 0.7238335013389587, "eval_wer": 64.37656227025438, "eval_cer": 28.30154224147949, "eval_runtime": 2075.2161, "eval_samples_per_second": 5.049, "eval_steps_per_second": 0.631}}