{"egyptian": {"eval_loss": 1.0549920797348022, "eval_wer": 75.89590305078137, "eval_cer": 47.75346131031262, "eval_runtime": 1047.0197, "eval_samples_per_second": 4.234, "eval_steps_per_second": 0.53}, "gulf": {"eval_loss": 1.6424715518951416, "eval_wer": 96.6839632779637, "eval_cer": 67.51889026055737, "eval_runtime": 1245.462, "eval_samples_per_second": 4.342, "eval_steps_per_second": 0.543}, "iraqi": {"eval_loss": 1.870018720626831, "eval_wer": 105.10621379075316, "eval_cer": 67.59747267831135, "eval_runtime": 680.9127, "eval_samples_per_second": 4.614, "eval_steps_per_second": 0.577}, "levantine": {"eval_loss": 1.4597631692886353, "eval_wer": 102.70039155677573, "eval_cer": 69.70083399219567, "eval_runtime": 838.8232, "eval_samples_per_second": 4.246, "eval_steps_per_second": 0.532}, "maghrebi": {"eval_loss": 1.9195072650909424, "eval_wer": 116.81654676258992, "eval_cer": 84.19022188731171, "eval_runtime": 1003.4926, "eval_samples_per_second": 4.157, "eval_steps_per_second": 0.52}, "MSA": {"eval_loss": 0.7851620316505432, "eval_wer": 71.98206146154978, "eval_cer": 31.56365688862327, "eval_runtime": 2075.0621, "eval_samples_per_second": 5.049, "eval_steps_per_second": 0.631}}