{"egyptian": {"eval_loss": 1.5044622421264648, "eval_wer": 88.99899281977972, "eval_cer": 55.26548281650322, "eval_runtime": 978.0742, "eval_samples_per_second": 4.532, "eval_steps_per_second": 0.567}, "gulf": {"eval_loss": 1.5741639137268066, "eval_wer": 92.75384568147625, "eval_cer": 61.67081149100364, "eval_runtime": 1149.7838, "eval_samples_per_second": 4.703, "eval_steps_per_second": 0.588}, "iraqi": {"eval_loss": 1.7440602779388428, "eval_wer": 98.94922185618539, "eval_cer": 61.49816109056236, "eval_runtime": 638.4045, "eval_samples_per_second": 4.922, "eval_steps_per_second": 0.616}, "levantine": {"eval_loss": 1.4506231546401978, "eval_wer": 90.75115891804312, "eval_cer": 58.6166441378255, "eval_runtime": 745.8114, "eval_samples_per_second": 4.776, "eval_steps_per_second": 0.598}, "maghrebi": {"eval_loss": 1.2291713953018188, "eval_wer": 83.80438506337788, "eval_cer": 57.065747118905065, "eval_runtime": 882.2638, "eval_samples_per_second": 4.729, "eval_steps_per_second": 0.592}, "MSA": {"eval_loss": 0.8049114942550659, "eval_wer": 67.89258932509925, "eval_cer": 28.309842787655427, "eval_runtime": 1945.8317, "eval_samples_per_second": 5.385, "eval_steps_per_second": 0.673}}