{"egyptian": {"eval_loss": 1.3842377662658691, "eval_wer": 85.78576302024106, "eval_cer": 50.67017530574381, "eval_runtime": 964.1718, "eval_samples_per_second": 4.598, "eval_steps_per_second": 0.576}, "gulf": {"eval_loss": 1.499938726425171, "eval_wer": 92.68015597654211, "eval_cer": 59.00381085287961, "eval_runtime": 1144.7285, "eval_samples_per_second": 4.724, "eval_steps_per_second": 0.591}, "iraqi": {"eval_loss": 1.695010781288147, "eval_wer": 99.068499375213, "eval_cer": 59.04732965202175, "eval_runtime": 635.2252, "eval_samples_per_second": 4.946, "eval_steps_per_second": 0.619}, "levantine": {"eval_loss": 1.113622784614563, "eval_wer": 82.75349925739232, "eval_cer": 55.82731855781411, "eval_runtime": 761.5489, "eval_samples_per_second": 4.677, "eval_steps_per_second": 0.586}, "maghrebi": {"eval_loss": 1.7577593326568604, "eval_wer": 99.75590955806783, "eval_cer": 66.41712193563711, "eval_runtime": 894.137, "eval_samples_per_second": 4.666, "eval_steps_per_second": 0.584}, "MSA": {"eval_loss": 0.6923867464065552, "eval_wer": 62.794074400823405, "eval_cer": 26.418978368776664, "eval_runtime": 2014.4239, "eval_samples_per_second": 5.201, "eval_steps_per_second": 0.65}}