{"egyptian": {"eval_loss": 1.7965834140777588, "eval_wer": 87.85535592449398, "eval_cer": 55.92051291759746, "eval_runtime": 1017.3244, "eval_samples_per_second": 4.358, "eval_steps_per_second": 0.546}, "gulf": {"eval_loss": 1.8435089588165283, "eval_wer": 90.73351960453192, "eval_cer": 62.83016955015237, "eval_runtime": 1158.1407, "eval_samples_per_second": 4.67, "eval_steps_per_second": 0.584}, "iraqi": {"eval_loss": 1.2587693929672241, "eval_wer": 77.55310689537657, "eval_cer": 50.33896706727998, "eval_runtime": 712.7433, "eval_samples_per_second": 4.408, "eval_steps_per_second": 0.551}, "levantine": {"eval_loss": 1.7263481616973877, "eval_wer": 89.93204014582115, "eval_cer": 62.27396771149481, "eval_runtime": 854.2667, "eval_samples_per_second": 4.17, "eval_steps_per_second": 0.522}, "maghrebi": {"eval_loss": 2.175633430480957, "eval_wer": 94.29599177800617, "eval_cer": 68.40092063986108, "eval_runtime": 929.7326, "eval_samples_per_second": 4.487, "eval_steps_per_second": 0.561}, "MSA": {"eval_loss": 0.9895706176757812, "eval_wer": 75.67820908689899, "eval_cer": 35.49877981971214, "eval_runtime": 2646.728, "eval_samples_per_second": 3.959, "eval_steps_per_second": 0.495}}