{"egyptian": {"eval_loss": 1.160765528678894, "eval_wer": 76.89333636570389, "eval_cer": 49.92174977597718, "eval_runtime": 1018.0694, "eval_samples_per_second": 4.354, "eval_steps_per_second": 0.545}, "gulf": {"eval_loss": 1.2403059005737305, "eval_wer": 82.01971199606987, "eval_cer": 63.1039068696736, "eval_runtime": 1260.4848, "eval_samples_per_second": 4.29, "eval_steps_per_second": 0.536}, "iraqi": {"eval_loss": 1.368615746498108, "eval_wer": 85.34590480518006, "eval_cer": 55.671280530611824, "eval_runtime": 675.456, "eval_samples_per_second": 4.652, "eval_steps_per_second": 0.582}, "levantine": {"eval_loss": 1.1667906045913696, "eval_wer": 82.75349925739232, "eval_cer": 59.51524734967312, "eval_runtime": 808.5753, "eval_samples_per_second": 4.405, "eval_steps_per_second": 0.552}, "maghrebi": {"eval_loss": 1.4424084424972534, "eval_wer": 90.51473107228503, "eval_cer": 66.80208700210503, "eval_runtime": 941.0567, "eval_samples_per_second": 4.433, "eval_steps_per_second": 0.555}, "MSA": {"eval_loss": 0.6516943573951721, "eval_wer": 64.05491839435378, "eval_cer": 27.810149907863934, "eval_runtime": 2088.1902, "eval_samples_per_second": 5.018, "eval_steps_per_second": 0.627}}