{"egyptian": {"eval_loss": 1.368856430053711, "eval_wer": 84.31398031125119, "eval_cer": 53.82290207363094, "eval_runtime": 998.0347, "eval_samples_per_second": 4.442, "eval_steps_per_second": 0.556}, "gulf": {"eval_loss": 1.1083465814590454, "eval_wer": 79.56645890263748, "eval_cer": 59.3509026175013, "eval_runtime": 1245.0, "eval_samples_per_second": 4.344, "eval_steps_per_second": 0.543}, "iraqi": {"eval_loss": 1.6274833679199219, "eval_wer": 95.78552766102464, "eval_cer": 62.75343944172596, "eval_runtime": 671.7701, "eval_samples_per_second": 4.677, "eval_steps_per_second": 0.585}, "levantine": {"eval_loss": 1.360229253768921, "eval_wer": 82.51496466987713, "eval_cer": 53.20122080814779, "eval_runtime": 755.4258, "eval_samples_per_second": 4.715, "eval_steps_per_second": 0.59}, "maghrebi": {"eval_loss": 1.7507723569869995, "eval_wer": 98.96796848235697, "eval_cer": 69.2265478462433, "eval_runtime": 916.4101, "eval_samples_per_second": 4.553, "eval_steps_per_second": 0.57}, "MSA": {"eval_loss": 0.74076247215271, "eval_wer": 64.27731215997647, "eval_cer": 27.021265999302752, "eval_runtime": 1967.6741, "eval_samples_per_second": 5.325, "eval_steps_per_second": 0.666}}