{"egyptian": {"eval_loss": 1.5403705835342407, "eval_wer": 93.65476461223562, "eval_cer": 68.11997526283241, "eval_runtime": 1095.303, "eval_samples_per_second": 4.047, "eval_steps_per_second": 0.507}, "gulf": {"eval_loss": 1.5924676656723022, "eval_wer": 103.32831833952531, "eval_cer": 78.89419664955064, "eval_runtime": 1263.9882, "eval_samples_per_second": 4.279, "eval_steps_per_second": 0.535}, "iraqi": {"eval_loss": 1.15599524974823, "eval_wer": 86.31148472111781, "eval_cer": 60.36757232519883, "eval_runtime": 723.3385, "eval_samples_per_second": 4.344, "eval_steps_per_second": 0.543}, "levantine": {"eval_loss": 1.4930875301361084, "eval_wer": 102.37634456996265, "eval_cer": 82.83642361022554, "eval_runtime": 868.0478, "eval_samples_per_second": 4.103, "eval_steps_per_second": 0.514}, "maghrebi": {"eval_loss": 1.8826054334640503, "eval_wer": 118.60654333675917, "eval_cer": 102.54568388634522, "eval_runtime": 1038.0156, "eval_samples_per_second": 4.019, "eval_steps_per_second": 0.503}, "MSA": {"eval_loss": 0.7993397116661072, "eval_wer": 69.93640641082195, "eval_cer": 32.02350714677026, "eval_runtime": 2237.8927, "eval_samples_per_second": 4.682, "eval_steps_per_second": 0.585}}