{"egyptian": {"eval_loss": 1.4840716123580933, "eval_wer": 85.18795282497807, "eval_cer": 53.7093130387591, "eval_runtime": 976.6281, "eval_samples_per_second": 4.539, "eval_steps_per_second": 0.568}, "gulf": {"eval_loss": 1.5679223537445068, "eval_wer": 91.9371181184562, "eval_cer": 65.66355953935795, "eval_runtime": 1197.3969, "eval_samples_per_second": 4.516, "eval_steps_per_second": 0.565}, "iraqi": {"eval_loss": 1.7187275886535645, "eval_wer": 98.27899579688743, "eval_cer": 62.98919706193614, "eval_runtime": 662.382, "eval_samples_per_second": 4.743, "eval_steps_per_second": 0.593}, "levantine": {"eval_loss": 1.4244701862335205, "eval_wer": 83.05054232863766, "eval_cer": 54.13808054273254, "eval_runtime": 744.0829, "eval_samples_per_second": 4.787, "eval_steps_per_second": 0.599}, "maghrebi": {"eval_loss": 1.249476432800293, "eval_wer": 82.89225762247345, "eval_cer": 57.09277658101877, "eval_runtime": 888.1121, "eval_samples_per_second": 4.698, "eval_steps_per_second": 0.588}, "MSA": {"eval_loss": 0.7604411840438843, "eval_wer": 64.00896926922512, "eval_cer": 26.54116240848648, "eval_runtime": 1973.4064, "eval_samples_per_second": 5.31, "eval_steps_per_second": 0.664}}