{"egyptian": {"eval_loss": 1.4736480712890625, "eval_wer": 86.07492121251502, "eval_cer": 50.439841985031485, "eval_runtime": 965.6278, "eval_samples_per_second": 4.591, "eval_steps_per_second": 0.575}, "gulf": {"eval_loss": 1.5587592124938965, "eval_wer": 91.42743099266173, "eval_cer": 59.05927396990679, "eval_runtime": 1142.632, "eval_samples_per_second": 4.733, "eval_steps_per_second": 0.592}, "iraqi": {"eval_loss": 1.7346181869506836, "eval_wer": 99.23889583096671, "eval_cer": 60.29003426344081, "eval_runtime": 637.6718, "eval_samples_per_second": 4.927, "eval_steps_per_second": 0.616}, "levantine": {"eval_loss": 1.4203721284866333, "eval_wer": 83.42859714658626, "eval_cer": 51.02314944698071, "eval_runtime": 722.0131, "eval_samples_per_second": 4.933, "eval_steps_per_second": 0.618}, "maghrebi": {"eval_loss": 1.2112265825271606, "eval_wer": 83.90287769784173, "eval_cer": 53.818935366822565, "eval_runtime": 864.2852, "eval_samples_per_second": 4.827, "eval_steps_per_second": 0.604}, "MSA": {"eval_loss": 0.7619102597236633, "eval_wer": 65.57859138362005, "eval_cer": 27.11489616016734, "eval_runtime": 1959.7666, "eval_samples_per_second": 5.347, "eval_steps_per_second": 0.668}}