{"egyptian": {"eval_loss": 1.05874502658844, "eval_wer": 74.30390850904838, "eval_cer": 47.85127409034114, "eval_runtime": 1012.7892, "eval_samples_per_second": 4.377, "eval_steps_per_second": 0.548}, "gulf": {"eval_loss": 1.5203222036361694, "eval_wer": 94.63293315729682, "eval_cer": 68.65618234841571, "eval_runtime": 1244.2128, "eval_samples_per_second": 4.347, "eval_steps_per_second": 0.543}, "iraqi": {"eval_loss": 1.712131142616272, "eval_wer": 95.8707258889015, "eval_cer": 61.26030784706141, "eval_runtime": 653.4, "eval_samples_per_second": 4.809, "eval_steps_per_second": 0.601}, "levantine": {"eval_loss": 1.3574552536010742, "eval_wer": 86.88509833925919, "eval_cer": 59.94882127402722, "eval_runtime": 776.5651, "eval_samples_per_second": 4.587, "eval_steps_per_second": 0.574}, "maghrebi": {"eval_loss": 1.7483612298965454, "eval_wer": 101.2504282288455, "eval_cer": 73.51686065083668, "eval_runtime": 936.5918, "eval_samples_per_second": 4.454, "eval_steps_per_second": 0.557}, "MSA": {"eval_loss": 0.7495079636573792, "eval_wer": 67.5893250992501, "eval_cer": 28.78629413815429, "eval_runtime": 1992.3392, "eval_samples_per_second": 5.259, "eval_steps_per_second": 0.658}}