{"egyptian": {"eval_loss": 1.1746735572814941, "eval_wer": 75.4248026251665, "eval_cer": 44.30287885098381, "eval_runtime": 965.6915, "eval_samples_per_second": 4.59, "eval_steps_per_second": 0.575}, "gulf": {"eval_loss": 1.2706661224365234, "eval_wer": 82.13024655347108, "eval_cer": 56.56641559169604, "eval_runtime": 1196.9324, "eval_samples_per_second": 4.518, "eval_steps_per_second": 0.565}, "iraqi": {"eval_loss": 1.4072540998458862, "eval_wer": 84.17016926047938, "eval_cer": 51.67387910349236, "eval_runtime": 638.3579, "eval_samples_per_second": 4.922, "eval_steps_per_second": 0.616}, "levantine": {"eval_loss": 1.1860928535461426, "eval_wer": 76.02952428102074, "eval_cer": 49.008305916158704, "eval_runtime": 738.3192, "eval_samples_per_second": 4.824, "eval_steps_per_second": 0.604}, "maghrebi": {"eval_loss": 1.485087513923645, "eval_wer": 90.20212401507366, "eval_cer": 59.845686343569035, "eval_runtime": 878.6573, "eval_samples_per_second": 4.748, "eval_steps_per_second": 0.594}, "MSA": {"eval_loss": 0.6476011276245117, "eval_wer": 61.729892662843696, "eval_cer": 25.78514866278201, "eval_runtime": 2022.4571, "eval_samples_per_second": 5.181, "eval_steps_per_second": 0.648}}