{"egyptian": {"eval_loss": 1.375312328338623, "eval_wer": 84.2587478475584, "eval_cer": 58.162634255928715, "eval_runtime": 1035.7107, "eval_samples_per_second": 4.28, "eval_steps_per_second": 0.536}, "gulf": {"eval_loss": 1.1292529106140137, "eval_wer": 80.75470539470048, "eval_cer": 65.20494516307946, "eval_runtime": 1290.2089, "eval_samples_per_second": 4.192, "eval_steps_per_second": 0.524}, "iraqi": {"eval_loss": 1.6176033020019531, "eval_wer": 95.31977734863115, "eval_cer": 66.51822668357136, "eval_runtime": 684.4918, "eval_samples_per_second": 4.59, "eval_steps_per_second": 0.574}, "levantine": {"eval_loss": 1.3619272708892822, "eval_wer": 85.54390386606057, "eval_cer": 61.21043637940269, "eval_runtime": 788.1902, "eval_samples_per_second": 4.519, "eval_steps_per_second": 0.566}, "maghrebi": {"eval_loss": 1.7393399477005005, "eval_wer": 96.6812264474135, "eval_cer": 75.82337475120609, "eval_runtime": 959.6112, "eval_samples_per_second": 4.348, "eval_steps_per_second": 0.544}, "MSA": {"eval_loss": 0.7408000230789185, "eval_wer": 64.14865460961623, "eval_cer": 27.335358666600264, "eval_runtime": 1980.2876, "eval_samples_per_second": 5.291, "eval_steps_per_second": 0.662}}