Wall time,Step,Value
1714162312.1903317,1000,1.1679444313049316
1714165163.9513264,2000,1.1207834482192993
1714167991.0765674,3000,1.1167398691177368
1714170768.8321366,4000,1.1129027605056763
1714173674.6208894,5000,1.1417452096939087
