Wall time,Step,Value
1714158897.3658032,1000,1.2611169815063477
1714161506.0996127,2000,1.1737741231918335
1714164337.9932053,3000,1.176345705986023
1714167132.3009763,4000,1.20012366771698
1714169740.219603,5000,1.197590947151184
