Wall time,Step,Value
1714511588.4226332,1000,1.1110167503356934
1714514878.5192165,2000,1.0379834175109863
1714518119.5703578,3000,1.0024151802062988
1714521033.1693275,4000,1.0082812309265137
1714523787.3820634,5000,1.0031510591506958
