Wall time,Step,Value
1714142803.4124436,1000,1.3855018615722656
1714145631.8905818,2000,1.278802752494812
1714148494.435481,3000,1.2125581502914429
1714151323.9859989,4000,1.2189723253250122
1714154359.5659068,5000,1.2056573629379272
