Wall time,Step,Value
1714148664.2110226,1000,1.2462494373321533
1714151905.910628,2000,1.1501092910766602
1714155193.036775,3000,1.1189059019088745
1714158590.7677026,4000,1.0929533243179321
1714161946.3640456,5000,1.1064683198928833
