Wall time,Step,Value
1714740663.9590466,1000,1.3834500312805176
1714743947.9747965,2000,1.2673263549804688
1714747128.4944026,3000,1.204471230506897
1714750061.4545627,4000,1.2121813297271729
1714752814.2595382,5000,1.1982322931289673
