Wall time,Step,Value
1714638452.6540525,1000,1.1109758615493774
1714641533.5009446,2000,1.032954454421997
1714644399.9075568,3000,0.994914174079895
1714647553.0316315,4000,1.0036817789077759
1714650705.1725059,5000,0.9976443648338318
