Wall time,Step,Value
1714646980.4320152,1000,1.1463403701782227
1714649897.0098302,2000,1.1019113063812256
1714652629.9311295,3000,1.1020084619522095
1714655158.6273394,4000,1.0969101190567017
1714657958.8433318,5000,1.1264092922210693
