Wall time,Step,Value
1714645782.8546038,1000,1.2452795505523682
1714648543.403066,2000,1.163949728012085
1714651119.8519192,3000,1.1647427082061768
1714653634.1932936,4000,1.188154935836792
1714656214.1850896,5000,1.188420295715332
