Wall time,Step,Value
1714672794.0906901,1000,1.2471961975097656
1714676092.2313974,2000,1.1428595781326294
1714679262.5665936,3000,1.1143155097961426
1714682498.646358,4000,1.0890547037124634
1714685757.813493,5000,1.100616455078125
