{"eval_loss": 1.7553571462631226, "eval_wer": 43.07087193059844, "eval_cer": 16.797981307170012, "eval_runtime": 10722.1023, "eval_samples_per_second": 0.977, "eval_steps_per_second": 0.122}