{"eval_loss": 4.147281646728516, "eval_wer": 62.14433463571593, "eval_cer": 26.981149341142018, "eval_runtime": 1781.9153, "eval_samples_per_second": 4.704, "eval_steps_per_second": 0.588}