{"eval_loss": 2.929069995880127, "eval_wer": 52.88906275168558, "eval_cer": 22.21996382883406, "eval_runtime": 3102.8178, "eval_samples_per_second": 2.702, "eval_steps_per_second": 0.338}