{"eval_loss": 0.3413333296775818, "eval_wer": 48.67616639852908, "eval_cer": 21.7123652335951, "eval_runtime": 1774.3574, "eval_samples_per_second": 4.725, "eval_steps_per_second": 0.591}