{"eval_loss": 4.278696537017822, "eval_wer": 61.82546684311131, "eval_cer": 26.633796503809954, "eval_runtime": 2325.5012, "eval_samples_per_second": 4.506, "eval_steps_per_second": 0.563}