{"eval_loss": 0.37191686034202576, "eval_wer": 49.5952720415766, "eval_cer": 22.132412099897977, "eval_runtime": 1816.9987, "eval_samples_per_second": 4.614, "eval_steps_per_second": 0.577}