{
    "eval_loss": 1.7081611156463623,
    "eval_wer": 43.14721979487651,
    "eval_cer": 16.85508821114272,
    "eval_runtime": 7074.911,
    "eval_samples_per_second": 1.185,
    "eval_steps_per_second": 0.148
}